idSite;NomSite;Typologie MTK;Adresse_Site;Code_postal;Ville;Nb_Heures;latitude;longitude;cluster
424;ABONDANCE;BP; PLACE DU CHAMP DE FOIRE;74360;ABONDANCE;11.16538462;46.2794704;6.7200319;6
463;ABONDANCE PDC;PDC; CHEF LIEU;74360;ABONDANCE;1.075769231;46.338811;6.6415577;6
359;AIGUEBELLE;BP;72 GRANDE RUE;73220;VAL D ARC;1.5;45.542861;6.303596;7
360;AIGUEBLANCHE;BP;77 PLACE DE LA LIBERTE;73260;GRAND AIGUEBLANCHE;2.598076923;45.500434;6.508816;7
366;AIME;BP; RUE DE LA POSTE;73210;AIME LA PLAGNE;1.128842308;45.5565294;6.6503101;7
412;AIX LES BAINS CASINO;BP;31 Le grand passage;73100;AIX LES BAINS;1.5;45.69043;5.91276;1
370;AIX LES BAINS UD;BP;11 AVENUE DU GRAND PORT;73100;AIX LES BAINS;1.5;45.694836;5.909777;1
369;ALBENS;PDC; PLACE DE L EGLISE;73410;ENTRELACS;1.5;45.7858031;5.9450138;1
365;ALBERTVILLE BP;PDC;10 PLACE DU 11 NOVEMBRE 1918;73200;ALBERTVILLE;1.5;45.675835;6.3920706;7
362;ALBERTVILLE CC;PDC;480 CHEMIN DE LA CHARETTE;73200;ALBERTVILLE;1.5;45.6672655;6.3648505;7
422;ALBERTVILLE STE THERESE GA;BP;738 RUE COMMANDANT DUBOIS;73200;ALBERTVILLE;2.535769231;45.666509;6.379078;7
532;ALBY SUR CHERAN;BP;6 PLACE DE LA POSTE;74540;ALBY SUR CHERAN;2.161538462;45.8211244;6.0230853;1
153;ALIXAN ROVALTAIN;BP;1 AVENUE DE LA GARE;26300;ALIXAN;1.5;44.989862;4.9769716;0
343;ALLEMONT GAB HORS SITE;BP;490 ROUTE DES FONDERIES ROYALES;38114;ALLEMOND;2.399076923;45.12829;6.04002;2
216;ALLEVARD;BP;8 AVENUE ANTOINE LOUARAZ;38580;ALLEVARD;2.857807692;45.3937211;6.072246;2
225;ALPE D'HUEZ;BP;5197 ROUTE DE LA POSTE;38750;HUEZ;15.56923077;45.0911555;6.0641683;2
75;AMBERIEU CENTRE D'AFFAIRES;BP;20 AVENUE DU GENERAL SARRAIL;1500;AMBERIEU EN BUGEY;1.5;45.9584309;5.3595099;3
6;AMBERIEU EN BUGEY;BP;38 RUE ALEXANDRE BERARD;1500;AMBERIEU EN BUGEY;2.618346154;45.972044;5.3522508;3
2;AMBERIEU EN BUGEY CDIS;PDC;29 AVENUE ANDRE CITROEN;1500;AMBERIEU EN BUGEY;1.5;45.9584309;5.3595099;3
442;AMBILLY;BP;30 RUE DES MARRONNIERS;74100;AMBILLY;1.5;46.1954913;6.2247069;6
446;ANNECY CDIS;BP;6 PASSAGE DU THIOU;74000;ANNECY;1.5;45.9008957;6.112744;1
479;ANNECY CHAVANOD PARC ALTAIS DEDT;BP;68 RUE CASSIOPEE;74650;CHAVANOD;1.5;45.8958607;6.0798679;1
456;ANNECY COEUR DE VILLE;BP;4 RUE DES GLIERES;74000;ANNECY;1.5;45.9002718;6.1225463;1
447;ANNECY LE VIEUX;BP;41 AVENUE DES CARRES;74940;ANNECY;1.5;45.9145874;6.1446606;1
525;ANNECY LES FINS;PDC;71 AVENUE DE GENEVE;74000;ANNECY;2.113223077;45.9138575;6.1235934;1
527;ANNECY NOVEL;BP;7 RUE LOUIS ARMAND;74000;ANNECY;3.259796154;45.9182369;6.1306569;1
429;ANNECY PARMELAN;BP;25 AVENUE DU PARMELAN;74000;ANNECY;19.16226154;45.9065241;6.1324888;1
530;ANNEMASSE PAL;BP;2 AVENUE DE VERDUN;74100;ANNEMASSE;1.5;46.1905688;6.2419381;6
449;ANNEMASSE PARC;BP;1 PLACE DE LA POSTE;74100;ANNEMASSE;1.5;46.1947729;6.2338686;6
135;ANNEYRON;BP;15 RUE GAMBETTA;26140;ANNEYRON;1.5;45.2717235;4.8901495;0
80;ANNONAY EUROPE CARNOT BPX;BP;22 AVENUE DE L EUROPE;7100;ANNONAY;4.2;45.2418997;4.6715196;0
92;ANNONAY LEVERT;PI;2 ROUTE LEVERT;7100;ANNONAY;1.5;45.2396047;4.6677067;0
133;ANTRAIGUES SUR VOLANE GAB;BP; MONTEE DE LA CROISETTE;7530;ANTRAIGUES SUR VOLANE;1.033538462;44.7191583;4.3535354;4
512;ARGONAY PPDC MF;PDC;250 ROUTE DE CHAMP FARCON;74370;ARGONAY;1.5;45.9391132;6.1328935;1
20;ARS SUR FORMANS;BP;370 RUE JEAN MARIE VIANNEY;1480;ARS SUR FORMANS;3.707673077;45.992944;4.821759;3
79;ARS SUR FORMANS GAB;BP; PLACE FREIHALDEN;1480;ARS SUR FORMANS;1.5;45.9934572;4.8207744;3
134;AUBENAS CHAMPS DE MARS;BP;9001 PLACE DU CHAMP DE MARS;7200;AUBENAS;1.5;44.6204145;4.3868519;4
82;AUBENAS CLC;BP;44 RUE DE L AGUYANE;7200;AUBENAS;1.5;44.6157793;4.4073529;4
21;BAGE LE CHATEL;Hors MTK;31 RUE CONDAMNALE;1380;BAGE LE CHATEL;2.552523077;46.3076285;4.929483;3
374;BARBERAZ BPX;BP;10 GALERIE DE LA CHARTREUSE;73000;BARBERAZ;1.5;45.5630901;5.9437459;1
156;BATIE ROLLAND (LA) BPX;BP; PLACE ABBE GEORGES MAGNET;26160;LA BATIE ROLLAND;1.437034615;44.5537168;4.8638139;0
96;BEAGE (LE);BP;5504 LE VILLAGE;7630;LE BEAGE;1.5;44.849158;4.1201847;4
97;BEAUCHASTEL;BP;4 QUARTIER DU PONT;7800;BEAUCHASTEL;1.5;44.8250002;4.800277;0
376;BEAUFORT SUR DORON;BP;5186 ROUTE DE BEAUFORT;73270;BEAUFORT SUR DORON;1.155807692;45.71748;6.574858;7
157;BEAUMONT LES VALENCE;PDC;2 RUE DU 11 NOVEMBRE 1918;26760;BEAUMONT LES VALENCE;1.5;44.86087;4.9411833;0
148;BEAUMONT PPDC;PDC;40 RUE ANTOINE DE SAINT EXUPERY;26760;BEAUMONT LES VALENCE;1.358342308;44.8862922;4.9209174;0
250;BEAUREPAIRE;PDC; PLACE DES TERREAUX;38270;BEAUREPAIRE;1.5;45.3382337;5.0544001;5
251;BEAUREPAIRE GARAGE;BP;9003 RUE MABLY;38270;BEAUREPAIRE;1.5;45.3378672;5.0545913;5
158;BEGUDE DE MAZENC (LA);Hors MTK; AVENUE JEAN JAURES;26160;LA BEGUDE DE MAZENC;1.5;44.5470804;4.9359427;0
23;BELLEGARDE-SUR-VALSERINE;BP;52 RUE DE LA REPUBLIQUE;1200;VALSERHONE;2.350946154;46.1071109;5.8246669;1
468;BELLEVAUX;BP; CHEF LIEU;74470;BELLEVAUX;1.3941;46.2528103;6.540032;6
24;BELLEY;BP;3 BOULEVARD DU MAIL;1300;BELLEY;1.5;45.7610844;5.6876222;1
377;BESSANS;BP; PLACE DE LA MAIRIE;73480;BESSANS;1.039611538;45.3204724;6.9937837;7
252;BIOL;PI;31 GRANDE RUE;38690;BIOL;1.5;45.4911778;5.3864292;5
469;BOEGE;PDC; RUE DE LA VALLEE VERTE;74420;BOEGE;1.5;46.208129;6.4038707;6
470;BONNE;PDC;194 AVENUE DU LEMAN;74380;BONNE;1.5;46.1683228;6.3199207;6
513;BONNEVILLE;BP;115 PLACE DE L HOTEL DE VILLE;74130;BONNEVILLE;1.012692308;46.0768933;6.4087098;6
423;BONNEVILLE AYSE PDC;BP; AVENUE DU MOLE;74130;AYSE;1.5;46.0756239;6.451162;6
471;BONS EN CHABLAIS;BP; FAUBOURG DES ALLOBROGES;74890;BONS EN CHABLAIS;1.5;46.264918;6.3702817;6
98;BOULIEU LES ANNONAY;PI;5212 RUE SUR LA VILLE;7100;BOULIEU LES ANNONAY;1.5;45.2711799;4.6671996;0
159;BOURDEAUX BPX;BP; ROUTE DE NYONS;26460;BOURDEAUX;1.5;44.5769392;5.1470337;0
160;BOURG DE PEAGE;BP; GRANDE RUE JEAN JAURES;26300;BOURG DE PEAGE;1.5;45.0357038;5.046485;0
222;BOURG D'OISANS CDIS;BP; IMPASSE DU RACLE;38520;LE BOURG D OISANS;1.5;45.0580077;6.0297073;2
341;BOURG D'OISANS DELOC;PDC; 39 AVENUE ARISTIDE BRIAND;38520;BOURG D'OISANS;1.5;45.0549465;6.0322611;2
66;BOURG EN BRESSE ARSONVAL;PI;21 RUE ARSENE D'ARSONVAL;1000;BOURG EN BRESSE;1.5;46.2051192;5.2250324;3
25;BOURG EN BRESSE HP;BP;5 AVENUE ALPHONSE MUSCAT;1000;BOURG EN BRESSE;1.5;46.202564;5.220269;3
5;BOURG FONTAINE BERNARD;PDC;14 RUE BERNARD;1000;BOURG EN BRESSE;1.023076923;46.205969;5.2281341;3
10;BOURG GARAGE;PDC;4 RUE ANDRE CHARLES BOULE;1000;BOURG EN BRESSE;1.5;46.2051192;5.2250324;3
149;BOURG LES VALENCE BP;PDC; AVENUE DE LYON;26500;BOURG LES VALENCE;4.562730769;44.9487701;4.8928047;0
71;BOURG LOCAUX SYNDICAUX F.O.;BP;3 AVENUE AMEDEE MERCIER;1000;BOURG EN BRESSE;1.197961538;46.205749;5.235739;3
15;BOURG MAGINOT;BP;45 AVENUE MAGINOT;1000;BOURG EN BRESSE;3.492307692;46.209982;5.227406;3
14;BOURG PPDC;BP; AVENUE AMEDEE MERCIER;1000;BOURG EN BRESSE;1.653846154;46.1976891;5.2614833;3
367;BOURG SAINT MAURICE;BP; RUE DU GRAND CLOS;73700;BOURG ST MAURICE;1.5;45.5997;6.7548854;7
99;BOURG ST ANDEOL;Hors MTK;9501 AVENUE NOTRE DAME;7700;BOURG ST ANDEOL;1.415384615;44.3738875;4.6454304;4
379;BOURG ST MAURICE;BP;72 AVENUE DU CENTENAIRE;73700;BOURG ST MAURICE;2.985673077;45.6176853;6.7692358;7
339;BOURGOIN ILOT FACTEUR;PDC;8 PLACE CHARLIE CHAPLIN;38300;BOURGOIN JALLIEU;1.5;45.588921;5.2772254;5
242;BOURGOIN JALLIEU (PAB PPDC);BP;15 RUE LOUIS BRAILLE;38300;BOURGOIN JALLIEU;1.5;45.5955854;5.2376015;5
253;BOURGOIN PAL;BP;6 PLACE GENERAL DE GAULLE;38300;BOURGOIN JALLIEU;2.383030769;45.5864368;5.2739684;5
381;BOZEL;PDC; RUE EMILE MACHET;73350;BOZEL;6.910953846;45.4423322;6.6469247;7
7;BPX AMBERIEUX EN DOMB. (VILLAR;PDC;240 RUE GOMBETTE;1330;AMBERIEUX EN DOMBES;1.5;45.996359;4.903326;3
78;BPX OYONNAX;BP;98 RUE ANATOLE FRANCE;1100;OYONNAX;1.5;46.258944;5.657179;3
53;BPX ST DENIS EN BUGEY (AMBE);BP;4 PLACE ALEXANDRE BERARD;1500;ST DENIS EN BUGEY;1.5;45.9518086;5.3286285;3
254;BRIE ET ANGONNES;BP;5831 CHEMIN DU MOULIN;38320;BRIE ET ANGONNES;1.5;45.1407097;5.7703272;2
221;BRIGNOUD CDIS;BP;5 AVENUE DE LA CHANTOURNE;38190;VILLARD BONNOT;4.012684615;45.261142;5.9005944;2
161;BUIS LES BARONNIES;BP; PLACE DU PORTALET;26170;BUIS LES BARONNIES;1.5;44.2739633;5.2745021;0
413;BUREAU BANCAIRE LA RAVOIRE;PDC;9 ALLEE SAMIVEL;73490;LA RAVOIRE;4.217419231;45.5589227;5.9624387;1
22;CAMP DE LA VALBONNE;Hors MTK;5620 RUE DE L ANCIENNE INFIRMERIE;1360;BELIGNEUX;1.776192308;45.8677365;5.1280072;3
26;CEYZERIAT;BP; RUE JEROME LALANDE;1250;CEYZERIAT;4.742088462;46.1787873;5.3237115;3
162;CHABEUIL;BP;2 PLACE DU GENERAL DE GAULLE;26120;CHABEUIL;1.5;44.9003613;5.0187071;0
17;CHALAMONT BP;BP; PLACE DU MARCHE;1320;CHALAMONT;2.115384615;45.9968707;5.1712139;3
419;CHAMBERY CT;BP;1080 AVENUE DU GRAND ARIETAZ;73000;CHAMBERY;1.5;45.584712;5.9019872;1
383;CHAMBERY DD/RP;BP; SQUARE PAUL VIDAL;73000;CHAMBERY;1.5;45.5700528;5.9175235;1
357;CHAMBERY HOTEL DE VILLE;BP;2 RUE DE L HERBERIE;73000;CHAMBERY;1.5;45.566387;5.919892;1
411;CHAMBERY LE BIOLLAY;BP;171 RUE ORADOUR SUR GLANE;73000;CHAMBERY;1.495496154;45.559858;5.902615;1
371;CHAMBERY LE HAUT;PDC;281 AVENUE D ANNECY;73000;CHAMBERY;1.5;45.588674;5.917068;1
420;CHAMBERY SUD;PDC;521 FAUBOURG MONTMELIAN;73000;CHAMBERY;1.5;45.566433;5.932639;1
363;CHAMBERY SYNDICATS;BP;1247 AVENUE DE LA HOUILLE BLANCHE;73000;CHAMBERY;1.232653846;45.5869101;5.8896011;1
472;CHAMONIX MONT BLANC;BP;89 PLACE BALMAT;74400;CHAMONIX MONT BLANC;1.5;45.923089;6.8695114;7
514;CHAMONIX VIGIE PDC;BP; CHEMIN DU DARD _ZA;74400;CHAMONIX;1.5;45.9297828;6.9339738;7
255;CHAMP SUR DRAC BP;BP;138 AVENUE DU PAVILLON;38560;CHAMP SUR DRAC;1.5;45.0796077;5.735326;2
361;CHANAZ;BP; PLACE DE BOIGNE LA SAVIERES;73310;CHANAZ;1.387992308;45.8086242;5.7910568;1
163;CHAPELLE EN VERCORS (LA);PDC; AVENUE DE PROVENCE;26420;LA CHAPELLE EN VERCORS;1.765753846;44.967329;5.416123;2
256;CHARAVINES;PDC;1035 RUE PRINCIPALE;38850;CHARAVINES;1.5;45.4274684;5.5157916;2
257;CHARVIEU CHAVAGNEUX;BP;98 AVENUE DU COLLEGE;38230;CHARVIEU CHAVAGNEUX;1.058073077;45.7451271;5.1574888;5
238;CHASSE SUR RHONE BP;PDC;181 AVENUE FRANCOIS MITTERRAND;38670;CHASSE SUR RHONE;1.753538462;45.583303;4.797844;5
164;CHATEAUNEUF DE GALAURE;BP; PLACE DU 19 MARS 1962;26330;CHATEAUNEUF DE GALAURE;1.236884615;45.229978;4.956808;0
165;CHATEAUNEUF DU RHONE BPX;BP;5132 RUE DE LA POSTE;26780;CHATEAUNEUF DU RHONE;1.5;44.4855184;4.7176871;4
458;CHATEL BP;BP;281 ROUTE DE THONON;74390;CHATEL;1.5;46.2692875;6.8402732;6
72;CHATILLON SUR CHALARONNE;PDC;270 AVENUE RAYMOND SARBACH;1400;CHATILLON SUR CHALARONNE;1.075184615;46.118933;4.961059;3
9;CHATILLON-BELLEGARDE CDIS;BP;94 ALLEE MARYSE BASTIE;1200;VALSERHONE;1.5;46.1196625;5.8063408;1
166;CHATUZANGE LE GOUBET;PDC;5058 ROUTE DU GOUBET;26300;CHATUZANGE LE GOUBET;1.5;45.0000165;5.0872819;0
522;CHAVANOD DSEM / CSRH COURRIER;PDC;1 RUE CALLISTO;74650;CHAVANOD;1.5;45.8970738;6.0825714;1
517;CHAVANOD DV;BP;68 RUE CASSIOPEE;74650;CHAVANOD;1.5;45.8958607;6.0798679;1
523;CHEDDE;BP;191 RUE PAUL CORBIN;74190;PASSY;1.5;45.9275573;6.7263285;7
100;CHEYLARD  (LE);BP;9 RUE DU TEMPLE;7160;LE CHEYLARD;5.752634615;44.9070945;4.4255037;4
386;CHINDRIEUX;BP; ROUTE D AIX LES BAINS;73310;CHINDRIEUX;1.239307692;45.8305071;5.8340423;1
332;CHIRENS ILOT FACTEUR;PDC; ROUTE DES GALBITS;38850;CHIRENS;1.093607692;45.4069492;5.5667209;2
167;CLEON D ANDRAN;BP;5001 LE VILLAGE;26450;CLEON D ANDRAN;1.5;44.6111199;4.9358296;0
473;CLUSES;BP;132 PLACE CHARLES DE GAULLE;74300;CLUSES;1.5;46.0601985;6.5799531;6
431;CLUSES CDIS;BP;75 RUE ANDRE MALRAUX;74300;CLUSES;1.5;46.0592076;6.5706448;6
529;CLUSES LA SARDAGNE (G.A);BP;2 RUE PIERRE TRAPPIER;74300;CLUSES;1.473038462;46.0692014;6.5619918;6
481;CLUSES LIBERATION;BP;30 AVENUE DE LA LIBERATION;74300;CLUSES;2.583961538;46.0601112;6.5773983;6
387;COGNIN;BP;8 RUE DE L EPINE;73160;COGNIN;1.5;45.5622205;5.8970765;1
27;COLIGNY;BP;5275 COLIGNY LE HAUT;1270;COLIGNY;1.5;46.3828;5.34526;3
28;COLLONGES;PDC;134 RUE DU FORT;1550;COLLONGES;1.5;46.137133;5.903106;1
435;COLLONGES / SALEVE;Hors MTK;54 PLACE DE SAVOIE;74160;COLLONGES SOUS SALEVE;2.141723077;46.1404911;6.1456847;6
259;COTE ST ANDRE;PDC;13 RUE DE LA REPUBLIQUE;38260;LA COTE ST ANDRE;1.5;45.3934133;5.2619273;5
101;COUCOURON;BP;5203 PLACE DE LA MAIRIE;7470;COUCOURON;1.5;44.8037809;3.9708891;4
89;COUCOURON CDIS;BP; QUARTIER LE BOUCHET;7470;COUCOURON;1.180769231;44.7993;3.9713;4
415;COURCHEVEL 1850;PDC;5834 RUE DE LA CROISETTE;73120;COURCHEVEL;1.0503;45.4151909;6.6323474;7
474;CRAN GEVRIER ANNECY CTC;BP;18 ROUTE DE LA SALLE;74960;ANNECY;1.5;45.8991777;6.0873867;1
434;CRAN GEVRIER CHORUS;BP;9 PASSAGE DES HALLES;74960;ANNECY;1.5;45.9070572;6.1064585;1
509;CRAN GEVRIER TERTIAIRE (MAISON DE L''HABITAT);BP;2 ROUTE DE LA SALLE;74960;ANNECY;1.5;45.9054822;6.0927921;1
464;CRAN GEVRIER VALLON;BP;3 PLACE DE L ETALE;74960;ANNECY;1.992307692;45.9043681;6.099495;1
475;CRANVES SALES;BP;140 RUE DE LA POSTE;74380;CRANVES SALES;1.5;46.1879239;6.2914391;6
505;CRANVES SALES PARCHET;BP;960 ROUTE DES TATTES DE BORLY;74380;CRANVES SALES;1.432692308;46.1824193;6.2790223;6
462;CRANVES SALES PPDC;BP;964 ROUTE DES TATTES DE BORLY;74380;CRANVES SALES;1.5;46.1827163;6.2799433;6
260;CREMIEU;PDC;50 RUE DE LA LOI;38460;CREMIEU;1.5;45.725286;5.2484074;5
245;CREMIEU VILLEMOIRIEU;BP; ZONE ARTISANALE DU BUISSON ROND;38460;VILLEMOIRIEU;1.5;45.719104;5.2271758;5
168;CREST;PDC; RUE FELIX PERRIER;26400;CREST;3.961538462;44.72929;5.0183898;0
237;CROLLES BP;BP;278 AVENUE JOLIOT CURIE;38920;CROLLES;1.5;45.2830687;5.8808254;2
476;CRUSEILLES;BP;14 AVENUE DES EBEAUX;74350;CRUSEILLES;3.400303846;46.0330361;6.1063275;1
30;CULOZ;BP;5 RUE DE LA ROSERAIE;1350;CULOZ;2.006653846;45.847684;5.78406;1
70;CULOZ PDC;BP;183 RUE BRACHAY;1350;culoz;1.421;45.847417;5.771291;1
433;CUSY (GA);BP;5806 PLACE DE LA PALLUD;74540;CUSY;1.075769231;45.7649016;6.0301589;1
16;DAGNEUX PDC;BP; RUE DE LA CRAZ;1120;DAGNEUX;2.115496154;45.836756;5.0727279;5
102;DAVEZIEUX;BP;6167 RUE DE TARTAVEL;7430;DAVEZIEUX;1.5;45.2565923;4.702147;0
86;DAVEZIEUX-ANNONAY CDIS;BP;168 RUE DU BOSQUET DES CHENES;7430;DAVEZIEUX;8.612230769;45.2577515;4.6931399;0
169;DIE;BP;1 RUE NOTRE DAME;26150;DIE;1.5;44.7518179;5.3710347;0
239;DIEMOZ BP;BP; AVENUE DES FLEURS;38790;DIEMOZ;13.04038462;45.5885209;5.0920576;5
170;DIEULEFIT;BP; QUAI ROGER MORIN;26220;DIEULEFIT;1.007688462;44.524625;5.0642459;0
31;DIVONNE LES BAINS;BP;127 PLACE DE L EGLISE;1220;DIVONNE LES BAINS;1.5;46.3570604;6.1430048;6
261;DOMENE;BP; RUE EMILE BLANC;38420;DOMENE;1.5;45.1992811;5.8354023;2
171;DONZERE;BP;9002 RUE JULES FERRAND;26290;DONZERE;1.5;44.4430281;4.7093795;4
477;DOUSSARD;PDC;391 RUE DE LA POSTE;74210;DOUSSARD;1.5;45.775057;6.225049;1
478;DOUVAINE;PDC;5324 AVENUE DU LAC;74140;DOUVAINE;1.5;46.3102387;6.2830302;6
441;DOUVAINE CDIS;BP;6046 AVENUE DU BAS CHABLAIS;74140;DOUVAINE;1.5;46.3206769;6.2955116;6
202;DPD SAINT-RAMBERT-D'ALBON;Hors MTK;3 ROUTE DE L'EXPORT;26140;SAINT-RAMBERT-D'ALBON;1.5;45.282374;4.829763;0
262;ECHIROLLES  JEAN JAURES;BP;4 AVENUE DU COLONEL MANHES;38130;ECHIROLLES;1.5;45.1442088;5.714183;2
320;ECHIROLLES BP NEW;PDC;17 AVENUE DU 8 MARS 1945;38130;ECHIROLLES;1.773761538;45.1442088;5.714183;2
337;ECHIROLLES DSEM;BP;5 AVENUE VICTOR HUGO;38130;ECHIROLLES;1.5;45.1536006;5.7123397;2
453;EPAGNY BP/RGP;BP;12 RUE DE LA LIBERTE;74330;EPAGNY METZ TESSY;2.864526923;45.9385458;6.0910618;1
342;ETG GRENOBLE;BP;16 AVENUE DU GENERAL CHAMPON;38000;GRENOBLE;1.084180769;45.1970415;5.7213071;2
152;ETOILE SUR RHONE BP;BP; PLACE DE LA REPUBLIQUE;26800;ETOILE SUR RHONE;1.5;44.838352;4.8924883;0
452;EVIAN BP;BP;10 PLACE CHARLES DE GAULLE;74500;EVIAN LES BAINS;1.5;46.4008627;6.5887161;6
439;EVIAN CDIS;PDC; ROUTE DU GOLF;74500;EVIAN LES BAINS;1.5;46.3955355;6.5733534;6
263;EYBENS;BP;8 RUE PIERRE MENDES FRANCE;38320;EYBENS;1.5;45.1537449;5.7502823;2
235;EYBENS PPDC;PDC;35 RUE LAMARTINE;38320;EYBENS;1.5;45.1569619;5.750267;2
480;FAVERGES;PDC;66 RUE ASGHIL FAVRE;74210;FAVERGES SEYTHENEX;1.5;45.7450272;6.2930935;1
32;FEILLENS;BP;815 GRANDE RUE;1570;FEILLENS;2.940715385;46.3357457;4.8896446;3
33;FERNEY VOLTAIRE;BP;1 AVENUE VOLTAIRE;1210;FERNEY VOLTAIRE;2.59475;46.2564995;6.1087913;6
264;FONTAINE;BP;83 MAIL MARCEL CACHIN;38600;FONTAINE;1.387923077;45.1929809;5.6876658;2
482;FRANGY;BP;67 RUE DE LA POSTE;74270;FRANGY;1.5;46.0183934;5.9288333;1
518;FRANGY GRAND PONT;BP; 1B BATIMENT A RUE DU GRAND PONT;74270;FRANGY;1.5;46.0199489;5.9296575;1
265;FROGES;BP;111 BOULEVARD DE LA REPUBLIQUE;38190;FROGES;1.5;45.2710933;5.9220653;2
389;FRONTENEX;PIFC;5335 GRANGE NEUVE;73460;FRONTENEX;1.038461538;45.6344;6.31187;7
483;GAILLARD;BP;24 RUE DE LA LIBERATION;74240;GAILLARD;1.5;46.1910094;6.2117829;6
333;GARAGES STENDHAL;BP;15 RUE BEYLE STENDHAL;38000;GRENOBLE;1.5;45.1864409;5.7302096;2
34;GEX;PDC; AVENUE DE LA POSTE;1170;GEX;1.5;46.3339778;6.0597942;6
68;GEX BP;BP;15 RUE DES ACACIAS;1170;GEX;2.1318;46.3329432;6.0592055;6
67;GEX PDC;BP;72 RUE DES TRANSPORTEURS;1170;GEX;1.5;46.3373369;6.0741684;6
249;GIERES MEZZO;BP;11 GRAND RUE;38610;GIERES;1.5;45.1818611;5.7907109;2
520;GIEZ ILOT;BP;144 ROUTE D ALBERTVILLE;74210;GIEZ;2.017288462;45.7629043;6.2552762;1
390;GILLY SUR ISERE;BP; PLACE DE L EGLISE;73200;GILLY SUR ISERE;1.5;45.659271;6.3490978;7
266;GONCELIN;BP;5620 IMPASSE CHAMP DU BOURG;38570;GONCELIN;2.855846154;45.3311732;5.9966603;2
484;GRAND BORNAND;BP;5261 LA FORCLAZ;74450;LE GRAND BORNAND;1.5;45.948204;6.4117283;6
330;GRAND VOIRON PPDC;PIFC;304 RUE DE CORPORAT;38430;MOIRANS;1.5;45.3199245;5.5958916;2
172;GRANE BPX;BP;5488 LE VILLAGE;26400;GRANE;4.090915385;44.7321238;4.9229171;0
283;GRENOBLE ALBERT 1ER;BP;14 AVENUE ALBERT 1er DE BELGIQUE;38000;GRENOBLE;1.135453846;45.1821189;5.7322957;2
244;GRENOBLE ALPES CONGRES;PDC;18 RUE HENRI BARBUSSE;38100;GRENOBLE;1.148261538;45.1934336;5.6966371;2
212;GRENOBLE ALSACE LORRAINE;BP;12 AVENUE ALSACE LORRAINE;38000;GRENOBLE;1.5;45.1893686;5.7216081;2
210;GRENOBLE BAJATIERE;BP;15 RUE ALBERT RECOURA;38100;GRENOBLE;1.5;45.1781041;5.7410249;2
348;GRENOBLE BERRIAT;PDC;16 PLACE SAINT BRUNO;38000;GRENOBLE;1.5;45.1877919;5.7127561;2
314;GRENOBLE DEPORTES;BP;19 rue des déportés du 11 novembre 1943;38100;GRENOBLE;1.5;45.1790333;5.7284236;2
355;GRENOBLE EAUX CLAIRES;BP;7 RUE DOCTEUR SCHWEITZER;38100;GRENOBLE;1.5;45.15864;5.6977091;2
335;GRENOBLE EUROPOLE;BP;5 PLACE ROBERT SCHUMAN;38000;GRENOBLE;1.5;45.190901;5.713469;2
350;GRENOBLE FOCH DEBUSSY;BP;61 BOULEVARD MARECHAL FOCH;38100;GRENOBLE;1.464946154;45.1801288;5.7170237;2
351;GRENOBLE HP;BP;11 BOULEVARD MARECHAL LYAUTEY;38000;GRENOBLE;1.5;45.1857435;5.7304412;2
349;GRENOBLE ILE VERTE;BP;38 AVENUE MARECHAL RANDON;38000;GRENOBLE;1.5;45.1964598;5.7353271;2
219;GRENOBLE JEAN PERROT;BP;31 AVENUE PAUL COCAT;38100;GRENOBLE;2.871065385;45.1705088;5.7403053;2
352;GRENOBLE LIONEL TERRAY;BP;3 RUE ALFRED DE MUSSET;38100;GRENOBLE;1.5;45.367505;5.581178;2
319;GRENOBLE OHM;PDC;94 AVENUE LEON BLUM;38100;grenoble;1.236923077;45.1671814;5.7205394;2
270;GRENOBLE PPDC MF;PDC;88 AVENUE RHIN ET DANUBE;38100;GRENOBLE;43.19230769;45.1685416;5.7035052;2
282;GRENOBLE REFLETS DU VERCORS;BP;28 RUE GUSTAVE EIFFEL;38000;GRENOBLE;43.75384615;45.1846824;5.7032039;2
356;GRENOBLE REPUBLIQUE;PDC;12 RUE DE LA REPUBLIQUE;38000;GRENOBLE;1.5;45.1902741;5.7296396;2
217;GRENOBLE STALINGRAD;PDC;48 RUE DE STALINGRAD;38100;GRENOBLE;18.99503462;45.178483;5.7258613;2
364;GRESY SUR AIX PDC;PI;435 RUE SAINT ELOI;73100;GRESY SUR AIX;1.5;45.7155816;5.9263287;1
143;GRIGNAN CC;BP; QUARTIER DAGASSE;26230;GRIGNAN;1.5;44.4370593;4.8609208;4
428;GROISY 'LE LACHAT'- VILLE DE GROISY;BP;280 RUE DE BOISY;74570;GROISY;2.131846154;46.0101297;6.1732358;6
438;GRUFFY CLOS GUEVIN;BP; RESIDENCE CLOS GUEVIN;74540;GRUFFY;2.230692308;45.7870679;6.055331;1
87;GUILHERAND GRANGES GAB;BP;1449 AVENUE DE LA REPUBLIQUE;7500;GUILHERAND GRANGES;1.246030769;44.9383402;4.8648657;0
103;GUILHERAND-GRANGES;BP;350 RUE MONTGOLFIER;7500;GUILHERAND GRANGES;1.5;44.9327014;4.8732681;0
391;HAUTELUCE;BP; RUE PRINCIPALE;73620;HAUTELUCE;7.357692308;45.7659862;6.6243554;7
154;HAUTERIVES BP;BP;14 GRANDE RUE;26390;HAUTERIVES;1.5;45.2548712;5.0246869;0
142;HAUTERIVES CDIS;BP; RUE DES GONNETS;26390;HAUTERIVES;1.820842308;45.2512209;5.0174736;0
35;HAUTEVILLE-LOMPNES;BP;350 RUE DE LA REPUBLIQUE;1110;PLATEAU D HAUTEVILLE;1.5;45.9770142;5.6018861;3
372;HERMILLON;BP; RUE GILBERT MARIE;73300;LA TOUR EN MAURIENNE;1.5;45.2925355;6.3617577;7
268;HEYRIEUX;BP; PLACE PAUL DOUMER;38540;HEYRIEUX;1.5;45.6289163;5.0642207;5
150;HOSTUN BP;BP; RUE DES FILOCHES;26730;HOSTUN;1.5;45.0386528;5.1988161;0
36;IZERNORE;BP;537 GRANDE RUE;1580;IZERNORE;1.5;46.2208367;5.5547704;3
37;JASSANS RIOTTIER;BP;208 PLACE DE LIMELETTE;1480;JASSANS RIOTTIER;1.5;45.9847618;4.756947;3
94;JAUJAC BP;BP; PLACE DE LA POSTE;7380;JAUJAC;56.21519231;44.6363825;4.2555127;4
104;JOYEUSE;BP;6028 PRAT DE LA VEUVE;7260;JOYEUSE;2.400384615;44.4801272;4.2414292;4
465;LA BALME DE SILLINGY;BP;17 ROUTE DE PARIS;74330;LA BALME DE SILLINGY;1.093307692;45.9647114;6.0369542;1
375;LA BATHIE;PDC;94 RUE AIME ET EUGENIE COTTON;73540;LA BATHIE;4.615384615;45.6253308;6.4495298;7
382;LA BRIDOIRE;BP; PLACE DE LA RESISTANCE;73520;LA BRIDOIRE;4.077803846;45.5251545;5.7409429;2
384;LA CHAMBRE;BP; PLACE DE LA MAIRIE;73130;LA CHAMBRE;1.5;45.3587647;6.2999055;7
226;LA COTE ST ANDRE CC;BP;2 RUE DU SOUILLIER;38260;LA COTE ST ANDRE;4.406307692;45.3937745;5.2604941;5
280;LA MOTTE D AVEILLANS;BP;7 LOTISSEMENT DE LA RINE;38770;LA MOTTE D AVEILLANS;2.609692308;44.9575377;5.7235875;2
395;LA MOTTE SERVOLEX;PDC;134 RUE DES ALLOBROGES;73290;LA MOTTE SERVOLEX;3.258;45.597371;5.8763016;1
281;LA MURE;BP;15 AVENUE DU DOCTEUR TAGNARD;38350;LA MURE D ISERE;2.350230769;44.8324134;5.7518889;2
229;LA MURE CC;BP; CHEMIN DEPARTEMENTAL N 115;38350;LA MURE D ISERE;2.515730769;44.8324134;5.7518889;2
398;LA RAVOIRE;PDC; RUE DE LA POSTE;73490;LA RAVOIRE;2.243076923;45.5589937;5.9620862;1
460;LA ROCHE SUR FORON;PDC;1 PLACE DE LA POSTE;74800;LA ROCHE SUR FORON;4.071538462;46.0625921;6.3187815;6
451;LA ROCHE SUR FORON CC;BP;450 AVENUE JEAN MORIN;74800;LA ROCHE SUR FORON;1.5;46.0782306;6.3028187;6
399;LA ROCHETTE;PDC; PLACE ALBERT REY;73110;VALGELON LA ROCHETTE;1.002692308;45.4564821;6.116554;1
316;LA TOUR DU PIN;BP;30 BOULEVARD GAMBETTA;38110;LA TOUR DU PIN;4.738384615;45.5648726;5.4444299;5
336;LA VERPILLERE CDIS;BP;18 RUE DE SAVOIE;38070;ST QUENTIN FALLAVIER;1.5;45.6402005;5.1293668;5
209;LA VERPILLIERE;BP;5225 PLACE DOCTEUR OGIER;38290;LA VERPILLIERE;1.5;45.632061;5.1593559;5
88;LA VOULTE PDC;BP; QUARTIER LES REYNARDS;7800;LA VOULTE SUR RHONE;1.5;44.8001639;4.7771428;0
105;LABLACHERE BPX;BP;5841 LA JAUJON;7230;LABLACHERE;1.5;44.4638282;4.2156215;4
38;LAGNIEU;PDC;11 ROUTE DU PORT;1150;LAGNIEU;1.046307692;45.9003047;5.347566;3
39;LAGNIEU CC;BP;433 RUE DE LA GARE;1150;LAGNIEU;2.357961538;45.9078389;5.3484575;3
85;LALEVADE D ARDECHE CDIS;PDC;5647 LA GARE;7380;LALEVADE D ARDECHE;10.53461538;44.6462435;4.3258925;4
106;LALEVADE D'ARDECHE;BP;5291 HLM CHAMONDIN;7380;LALEVADE D ARDECHE;1.5;44.6509659;4.3227223;4
107;LAMASTRE;BP;1 PLACE VICTOR HUGO;7270;LAMASTRE;2.442307692;44.9851333;4.5773491;0
108;LAMASTRE CC;BP;21 RUE FERDINAND HEROLD;7270;LAMASTRE;1.846153846;44.9837216;4.5718957;0
392;LANSLEBOURG MONTCENIS;BP;5058 RUE DU LAVOUR;73480;VAL CENIS;1.5;45.2857615;6.8804893;7
109;LARGENTIERE;BP;5852 PLACE DE LA POSTE;7110;LARGENTIERE;1.146153846;44.5422671;4.2941203;4
144;LAVEYRON PDC;PDC; ZONE ARTISANALE ORTIS;26240;LAVEYRON;3.278538462;45.2023158;4.8144436;0
358;LE BOURGET DU LAC BPX;PDC; PLACE GENERAL BUISSON;73370;LE BOURGET DU LAC;1.5;45.6489212;5.8595134;1
385;LE CHATELARD;PDC; PLACE RENE CASSIN;73630;LE CHATELARD;1.8288;45.685752;6.1365428;1
338;LE CHEYLAS GAB;BP; RUE DE LA POSTE;38570;LE CHEYLAS;1.5;45.3718918;5.9917521;2
524;LE FAYET;PDC;106 AVENUE DE LA GARE;74190;ST GERVAIS LES BAINS;1.5;45.9055512;6.7021289;7
267;LE GRAND LEMPS;BP; PLACE DU CHATEAU;38690;LE GRAND LEMPS;2.3;45.398243;5.4203062;5
218;LE GRAND LEMPS CDIS;BP;51 RUE PIERRE BONNARD;38690;LE GRAND LEMPS;1.5;45.3956184;5.4169918;5
457;LE PAS DE L'ECHELLE - BP;BP;154 CHEMIN DE VEYRIER;74100;ETREMBIERES;1.5;46.1637938;6.1916012;6
346;LE PLATEAU DES PETITES ROCHES;BP; 97 ROUTE DES 3 VILLAGES;38600;PLATEAU DE PETITES ROCHES;1.5;45.300301;5.870206;2
289;LE PONT DE CLAIX;BP;9 PLACE SALVADOR ALLENDE;38800;LE PONT DE CLAIX;1.5;45.1232589;5.699432;2
241;LE TOUVET;BP; RUE DE PREPONTIN;38660;LE TOUVET;1.5;45.3590859;5.9578018;2
246;LE TOUVET (DELOCALISATION);PDC; PLACE DE L EGLISE;38660;LE TOUVET;1.842461538;45.358097;5.9522988;2
40;LELEX;BP;5062 RESIDENCE LA CHAPELLE;1410;LELEX;1.352915385;46.3020388;5.9393489;6
208;LES ABRETS;PDC;42 RUE DE LA REPUBLIQUE;38490;LES ABRETS EN DAUPHINE;1.5;45.537441;5.584733;2
380;LES ARCS 1800;BP; LES ARCS 1800;73700;BOURG ST MAURICE;1.5;45.5734044;6.778792;7
278;LES DEUX ALPES;BP;48 AVENUE DE LA MUZELLE;38860;LES DEUX ALPES;1.142307692;45.0132926;6.1251374;2
388;LES ECHELLES;BP; PLACE BEATRICE DE SAVOIE;73360;LES ECHELLES;4.653069231;45.4363607;5.7536236;2
403;LES MENUIRES;PDC;5817 LES MENUIRES;73440;LES BELLEVILLE;1.5;45.3242744;6.5388965;7
393;LESCHERAINES;PDC; LE PONT;73340;LESCHERAINES;1.5;45.7144078;6.1065147;1
41;LHUIS;BP; AU BOURG;1680;LHUIS;1.5;45.7476606;5.5327073;5
1;LHUIS GARAGE COMMUNAL;BP; AU BOURG;1680;LHUIS;1.5;45.7476606;5.5327073;5
334;L'ISLE D'ABEAU;PDC;17 RUE CERES;38080;L ISLE D ABEAU;36.66346154;45.6202179;5.2233465;5
174;LIVRON SUR DROME;Hors MTK; AVENUE LEON AUBIN;26250;LIVRON SUR DROME;22.73461538;44.773067;4.8444056;0
531;LOCAL POUR SYNDICAT CGT;BP;6 RUE DE L ANNEXION;74000;ANNECY;1.5;45.9007011;6.1244428;1
141;LORIOL LIVRON CDIS;BP; IMPASSE DU LEVANT;26270;LORIOL SUR DROME;1.5;44.7609091;4.8391272;0
175;LORIOL SUR DROME;BP; PLACE DE L EGLISE;26270;LORIOL SUR DROME;1.5;44.7519231;4.8229189;0
176;LUC EN DIOIS;BP; PLACE DU CHAMP DE MARS;26310;LUC EN DIOIS;1.5;44.6137428;5.4533317;0
511;LULLIN GAB;PDC; PLACE DES REMPARTS;74470;LULLIN;1.032992308;46.2838381;6.5224739;6
485;MAGLAND;BP;34 PLACE DE L EGLISE;74300;MAGLAND;1.5;46.0206266;6.6200799;6
455;MARGENCEL;BP; ROUTE DE VERNIAZ;74200;MARGENCEL;5.678653846;46.34359;6.4345218;6
506;MARIGNIER 2;PDC;11 RUE DE L EGLISE;74970;MARIGNIER;1.5;46.0907449;6.5001717;6
486;MARNAZ;BP;44 RUE DE LA MAIRIE;74460;MARNAZ;1.5;46.0603214;6.5262757;6
487;MEGEVE;BP;276 RUE DE LA POSTE;74120;MEGEVE;1.5;45.8555923;6.6163935;7
271;MENS;BP; RUE DU DOCTEUR SENEBIER;38710;MENS;1.5;44.8135906;5.7505047;2
488;MENTHON SAINT BERNARD;PI;5211 PARC FRANCOIS DE MENTHON;74290;MENTHON ST BERNARD;13.04611538;45.860886;6.188438;1
416;MERIBEL LES ALLUES;BP;9 PLACE MAURICE FRONT;73550;LES ALLUES;1.526923077;45.396864;6.566621;7
3;MEXIMIEUX BP;BP;7 PLACE LIEUTENANT GIRAUD;1800;MEXIMIEUX;1.5;45.904795;5.1923885;3
42;MEXIMIEUX CC;BP; RUE DES GRANGES;1800;MEXIMIEUX;1.5;45.8979064;5.2041589;3
223;MEYLAN CC;BP;39 BOULEVARD DES ALPES;38240;MEYLAN;2.074261538;45.2041206;5.7717413;2
272;MEYLAN VERCORS;BP;4 AVENUE DU VERCORS;38240;MEYLAN;1.5;45.209996;5.7778419;2
427;MEYTHET BUREAU DE POSTE;PDC;2 AVENUE DU STADE;74960;ANNECY;1.539230769;45.9158267;6.0912231;1
43;MEZERIAT;BP;41 PLACE DU MARCHE;1660;MEZERIAT;1.993838462;46.2343716;5.0475436;3
76;MIRIBEL;PDC;9003 RUE GENERAL DEGOUTTE;1700;MIRIBEL;1.5;45.8229807;4.9513608;5
394;MODANE HP;BP;38 AVENUE JEAN JAURES;73500;MODANE;1.595876923;45.1956377;6.6617712;7
232;MOIRANS;PDC; RUE CHATAGNON;38430;MOIRANS;1.843534615;45.3185369;5.5905646;2
273;MOIRANS;PDC;2 PLACE CHARLES DE GAULLE;38430;MOIRANS;1.843534615;45.3426467;5.5866987;2
274;MONESTIER DE CLERMONT;PDC;142 GRAND RUE;38650;MONESTIER DE CLERMONT;1.5;44.9165256;5.6345291;2
519;MONT SAXONNEX GAB;BP; RUE DE LA GORGE DU CE;74130;MONT SAXONNEX;1.5;46.0506052;6.4783618;6
275;MONTALIEU VERCIEU;BP;3 RUE DU BESSET;38390;MONTALIEU VERCIEU;1.048076923;45.8126179;5.4080838;5
276;MONTALIEU VERCIEU GARAGE;PDC;3 RUE DU BESSET;38390;MONTALIEU VERCIEU;1.5;45.8126179;5.4080838;5
277;MONTBONNOT ST MARTIN;BP;53 AVENUE JEAN KUNTZMANN;38330;MONTBONNOT ST MARTIN;0.0;45.2171365;5.8074594;2
247;MONTBONNOT-D3C;PDC;100 A ALLEE SAINT EXUPERY;38330;MONTBONNOT ST MARTIN;1.5;45.2189606;5.8081658;2
177;MONTELIER BPX;BP;11 AVENUE DU VERCORS;26120;MONTELIER;1.5;44.9353352;5.0410145;0
178;MONTELIMAR EUROPE;Hors MTK;2 PLACE DE L EUROPE;26200;MONTELIMAR;1.5;44.5563833;4.750507;4
146;MONTELIMAR PPDC;PDC; RUE EMILE MONIER;26200;MONTELIMAR;1.5;44.5235964;4.7415871;4
205;MONTELIMAR PRACOMPTAL BPX;BP; ALLEE MOLIERE;26200;MONTELIMAR;1.5;44.5540622;4.7216891;4
136;MONTELIMAR ST JAMES BPX;PI;54 AVENUE JEAN JAURES;26200;MONTELIMAR;1.5;44.5498274;4.7469863;4
44;MONTLUEL;BP;226 AVENUE DE LA GARE;1120;MONTLUEL;1.5;45.8497771;5.0573169;5
417;MONTMELIAN;BP; AVENUE GEORGES CLEMENCEAU;73800;MONTMELIAN;1.041;45.5022803;6.0527321;1
4;MONTMERLE SUR SAONE BP;BP;6 PLACE DE L EGLISE;1090;MONTMERLE SUR SAONE;1.5;46.080708;4.758637;3
179;MONTMEYRAN BPX;BP;5116 LE VILLAGE;26120;MONTMEYRAN;2.118107692;44.8346912;5.0153546;0
110;MONTPEZAT SOUS BAUZON;PDC;6000 QUARTIER LA PRADE;7560;MONTPEZAT SOUS BAUZON;1.148307692;44.711;4.20724;4
19;MONTREAL LA CLUSE;PDC;18 AVENUE DE BRESSE;1460;MONTREAL LA CLUSE;1.5;46.1716325;5.5743473;3
13;MONTREAL LA CLUSE PDC;PDC;104 AVENUE DE BRESSE;1460;MONTREAL LA CLUSE;1.5;46.173558;5.5676491;3
45;MONTREVEL EN BRESSE;BP;9 PLACE DU 3 SEPTEMBRE;1340;MONTREVEL EN BRESSE;1.5;46.3373228;5.130295;3
69;MONTREVEL EN BRESSE PDC;BP; AVENUE  DE MACON;1340;MONTREVEL EN BRESSE;2.464269231;46.3339232;5.1181425;3
279;MORESTEL;BP;21 CITE VERTE;38510;MORESTEL;2.115384615;45.6776633;5.4710761;5
526;MORZINE;BP;20 PLACE DE LA POSTE;74110;MORZINE;1.5;46.180348;6.7074797;6
180;MOURS SAINT EUSEBE;Hors MTK;2 RUE DU VIEUX FOUR;26540;MOURS ST EUSEBE;1.647692308;45.0710048;5.052117;0
418;MOUTIERS HP;BP;89 AVENUE DU 8 MAI 1945;73600;MOUTIERS TARENTAISE;1.1368;45.486523;6.529587;7
521;MUSIEGES COURRIER;BP; ZONE INDUSTRIELLE DES BONNETS;74270;MUSIEGES;1.5;46.013043;5.947299;1
18;NANTUA;BP;26 RUE DE L HOTEL DE VILLE;1130;NANTUA;11.67307692;46.154592;5.6054455;3
396;NOVALAISE BPX;BP;5310 ROUTE DU LAC;73470;NOVALAISE;1.707692308;45.5944165;5.7744177;1
181;NYONS;PDC;30 AVENUE HENRI ROCHIER;26110;NYONS;4.211034615;44.3621179;5.1337951;0
91;OLLIERES  (LES);PDC;103 ROUTE NATIONALE;7360;LES OLLIERES SUR EYRIEUX;1.5;44.8046991;4.6154284;4
77;OYONNAX;PDC;69 COURS DE VERDUN;1100;OYONNAX;1.5;46.25996;5.64764;3
461;PASSY SAINT GERVAIS;BP;370 avenue des Raches;74190;PASSY;1.699307692;45.9135956;6.7142037;7
284;PEAGE DE ROUSSILLON;BP;3 PLACE PAUL MORAND;38550;LE PEAGE DE ROUSSILLON;1.5;45.373159;4.79789;5
111;PEAUGRES BPX;BP; LE VILLAGE LES CHANTERELLES N7;7340;PEAUGRES;1.5;45.287265;4.7285863;0
46;PERONNAS;Hors MTK; ALLEE DE LA GRANGE MAGNIEN;1960;PERONNAS;1.5;46.1768403;5.2109471;3
269;PFC ALPES;BP;190 RUE DES BLACHES;38530;LA BUISSIERE;2.058407692;45.4238252;5.9934237;2
151;PIERRELATTE BP;BP; AVENUE JEAN PERRIN;26700;PIERRELATTE;2.448411538;44.3777497;4.6996127;4
140;PIERRELATTE CC;PDC; RUE DU CHAUDRON;26700;PIERRELATTE;10.93503846;44.362036;4.7116945;4
285;PIN;BP; PLACE SAINT CHRISTOPHE;38730;VILLAGES DU LAC DE PALADRU;1.635769231;45.4564687;5.5051314;2
467;POISY LA BALME-ANNECY OUEST PDC;BP; ROUTE DE VALPARC;74330;POISY;1.5;45.9150454;6.0825833;1
489;POISY VILLAGE;BP;53 PLACE DE L EGLISE;74330;POISY;4.423076923;45.922526;6.062549;1
74;PONCIN;BP;1 AVENUE DU PARC;1450;PONCIN;1.359769231;46.0856591;5.40571;3
47;PONT D AIN;PDC;8 RUE LOUISE DE SAVOIE;1160;PONT D AIN;1.5;46.0507469;5.3438181;3
287;PONT DE BEAUVOISIN;PDC;12 AV DR CHARLES GABRIEL PRAVAZ;38480;LE PONT DE BEAUVOISIN;4.56215;45.5359674;5.6704512;2
373;PONT DE BEAUVOISIN PDC;BP; AVENUE JEAN JAURES;73330;LE PONT DE BEAUVOISIN;1.514769231;45.5316152;5.6816514;2
288;PONT DE CHERUY;PDC; RUE DES AUBEPINES;38230;PONT DE CHERUY;1.5;45.7522285;5.1747488;5
227;PONT DE CHERUY CC;BP;72 RUE AIME PINEL;38230;PONT DE CHERUY;1.5;45.7542134;5.1770138;5
182;PONT DE L ISERE BPX;BP;2 LE HAMEAU LES TILLEULS LOT NA;26600;PONT DE L ISERE;1.5;45.004331;4.8714601;0
48;PONT DE VAUX;PDC;77 RUE MAL DE LATTRE DE TASSIGNY;1190;PONT DE VAUX;1.5;46.430041;4.938343;3
49;PONT DE VEYLE;BP;18 RUE DE LA POSTE;1290;PONT DE VEYLE;1.5;46.2637681;4.8867328;3
291;PONT EN ROYANS;BP; GRANDE RUE;38680;PONT EN ROYANS;1.5;45.0606939;5.3462299;2
290;PONT EVEQUE;BP;2 RUE JOSEPH VEYET;38780;PONT EVEQUE;1.75;45.5302714;4.9126188;5
231;PONT EVEQUE CC;BP; ALLEE DES PEUPLIERS;38780;PONT EVEQUE;1.5;45.5263062;4.9219593;5
286;PONTCHARRA;BP; PLACE PIERRE DU TERRAIL;38530;PONTCHARRA;1.5;45.4322663;6.0238023;1
183;PORTES LES VALENCE;PDC;135 ALLEE AUGUSTE DELAUNE;26800;PORTES LES VALENCE;1.492307692;44.8749916;4.8793007;0
112;POUZIN (LE);BP;5 RUE MARCEL NICOLAS;7250;LE POUZIN;1.818423077;44.7555185;4.7485628;0
50;PREVESSIN CERN;BP; ROUTE DE SAINT GENIS;1280;PREVESSIN MOENS;1.5;46.2552269;6.0786884;6
51;PREVESSIN MOENS;PDC;88 CHEMIN DE L EGLISE;1280;PREVESSIN MOENS;2.584615385;46.2539504;6.0797702;6
490;PRINGY;PDC;19 PLACE GEORGES BOILEAU;74370;ANNECY;59.46024615;45.946752;6.122246;1
113;PRIVAS;PDC;2 AVENUE DE L EUROPE UNIE;7000;PRIVAS;10.89874231;44.7339419;4.59798;4
491;REIGNIER;BP;4 GRANDE RUE;74930;REIGNIER ESERY;1.209730769;46.138021;6.2706557;6
184;REMUZAT;BP;5189 LE VILLAGE;26510;REMUZAT;1.341111538;44.4136434;5.3560477;0
243;RENAGE;PDC;610 RUE DE LA REPUBLIQUE;38140;RENAGE;1.5;45.3353095;5.4828821;2
295;RIVES ILOT FACTEUR;BP;373 ROUTE DES BRUYERES;38140;RIVES SUR FURE;1.5;45.352003;5.513284;2
292;RIVES SUR FURE;PDC;139 PLACE DE LA LIBERATION;38140;RIVES SUR FURE;1.138069231;45.350385;5.504394;2
185;ROCHE DE GLUN;BP;14 RUE ROUSSILLON;26600;LA ROCHE DE GLUN;1.009615385;45.0130926;4.8450055;0
294;ROCHES DE CONDRIEU;Hors MTK;9001 PLACE DE LA LIBERTE;38370;LES ROCHES DE CONDRIEU;1.5;45.453;4.7682776;5
138;ROMANS CLC;BP;9001 AVENUE DU MAQUIS;26100;ROMANS SUR ISERE;4.903846154;45.0452603;5.0659019;0
139;ROMANS LA MONNAIE BPX;PDC; RUE EUGENE CHAVANT;26100;ROMANS SUR ISERE;1.5;45.0461333;5.0700149;0
186;ROMANS SUR ISERE;BP;13 RUE DU CAPITAINE BOZAMBO;26100;ROMANS SUR ISERE;4.507692308;45.0549039;5.0382502;0
132;ROSIERES PDC;BP; QUARTIER LES VERNADES;7260;ROSIERES;1.713153846;44.4828017;4.2558351;4
296;ROUSSILLON;BP;26 AVENUE JEAN JAURES;38150;ROUSSILLON;1.701923077;45.365995;4.806001;5
297;ROYBON;BP;5 PLACE SAINT ROMME;38940;ROYBON;1.919230769;45.2500789;5.2338233;5
492;RUMILLY;BP;8 RUE CHARLES DE GAULLE;74150;RUMILLY;3.673076923;45.868;5.94353;1
450;RUMILLY CC;BP;57 RUE RENE CASSIN;74150;RUMILLY;1.5;45.84859;5.95242;1
114;RUOMS;BP;2 PLACE DU GENERAL DE GAULLE;7120;RUOMS;1.5;44.4533583;4.3429435;4
173;SAILLANS PDC;BP;180 LA TUILLIERE;26340;SAILLANS;1.063038462;44.692272;5.187623;0
55;SAINT GENIS POUILLY BP;BP;119 AVENUE DE LA REPUBLIQUE;1630;ST GENIS POUILLY;5.576923077;46.243055;6.0251042;6
493;SAINT GERVAIS;BP;53 AVENUE DE MIAGE;74170;ST GERVAIS LES BAINS;3.090923077;45.8833638;6.7157819;7
494;SAINT JEAN DE SIXT;BP;5061 LES SIXTS;74450;ST JEAN DE SIXT;1.5;45.922917;6.413214;6
228;SAINT JEAN DE SOUDAIN CDIS;PDC;40 RUE DES MURIERS;38110;ST JEAN DE SOUDAIN;1.5;45.5642197;5.4355736;5
426;SAINT JORIOZ;BP;138 ROUTE DU CENTRE;74410;ST JORIOZ;1.5;45.8316206;6.1651697;1
496;SAINT JULIEN EN GENEVOIS CENTRE;BP;3 PLACE DE LA LIBERATION;74160;ST JULIEN EN GENEVOIS;1.5;46.19244;6.2354962;6
248;SAINT MARCELLIN PDC;BP;2 RUE DE L ATELIER;38160;ST MARCELLIN;1.5;45.1387676;5.322349;2
443;SAINT PAUL EN CHABLAIS;PDC; CHEF LIEU;74500;ST PAUL EN CHABLAIS;1.728065385;46.3616317;6.626359;6
497;SAINT PIERRE FAUCIGNY;BP;60 PLACE DES PLEIADES;74800;ST PIERRE EN FAUCIGNY;1.5;46.0597865;6.3714188;6
95;SAINT SAUVEUR DE MONTAGUT PDC;BP;65 ROUTE DE MANOULIER;7190;ST SAUVEUR DE MONTAGUT;1.5;44.8202245;4.5840449;4
305;SAINT-HILAIRE;BP;97 ROUTE DES 3 VILLAGES;38660;PLATEAU DES PETITES ROCHES;1.5;45.3256177;5.8983789;2
233;SALAISE SUR SANNE BP;BP; RUE AVIT NICOLAS;38150;SALAISE SUR SANNE;8.747769231;45.3441815;4.818905;5
498;SALLANCHES;PDC;43 AVENUE DE GENEVE;74700;SALLANCHES;1.5;45.936964;6.630562;6
448;SALLANCHES CDIS;PDC;1230 RUE DU GENERAL DE GAULLE;74700;SALLANCHES;1.5;45.956696;6.631262;6
499;SAMOENS;BP;5267 SAMOENS;74340;SAMOENS;1.5;46.0532015;6.6981934;6
192;SAOU BPX;BP;5086 LE VILLAGE;26400;SAOU;1.5;44.6466725;5.0623738;0
313;SASSENAGE;PDC;8 RUE FRANCOIS GERIN;38360;SASSENAGE;1.5;45.2079217;5.6602994;2
220;SASSENAGE CTC;BP;14 RUE FRANCOIS BLUMET;38360;SASSENAGE;1.5;45.2089425;5.6780724;2
122;SATILLIEU;BP;5001 PLACE DES GAUDS;7290;SATILLIEU;1.5;45.1500345;4.6145479;0
194;SAULCE SUR RHONE BPX;PDC;1 PLACE EMILE LOUBET;26270;SAULCE SUR RHONE;1.472376923;44.7028968;4.799461;0
195;SAUZET;BP; ROUTE DE LA COUCOURDE;26740;SAUZET;1.5;44.6060099;4.8165811;0
378;SAVOIE TECHNOLAC AP;PDC; SAVOIE TECHNOLAC;73370;LE BOURGET DU LAC;1.5;45.6421331;5.8733249;1
500;SCIONZIER;PDC;21 PLACE DU FORON;74950;SCIONZIER;2.657692308;46.057179;6.5495693;6
145;SEDERON BP;BP;5040 RUE DE LA ROSIERE;26560;SEDERON;1.5;44.2042939;5.5360511;0
123;SERRIERES;BP; QUAI JULES ROCHE;7340;SERRIERES;1.5;45.3187158;4.7648853;0
59;SERRIERES DE BRIORD;BP;1 PLACE DE LA POSTE;1470;SERRIERES DE BRIORD;1.5;45.8067;5.45359;5
60;SERRIERES DE BRIORD GARAGE;BP;28 RUE DE LA PLANTAZ;1470;SERRIERES DE BRIORD;1.178846154;45.807901;5.447787;5
454;SEVRIER CDIS EXTENSION;BP;4450 ROUTE D ALBERTVILLE;74320;SEVRIER;1.5;45.8824652;6.1419189;1
425;SEVRIER RIVE GAUCH DU LAC CDIS;BP;4550 ROUTE D ALBERTVILLE;74320;SEVRIER;1.5;45.8440088;6.1500478;1
533;SEYNOD;BP;20 PLACE SAINT JEAN;74600;ANNECY;1.5;45.887182;6.1015031;1
501;SEYSSEL;BP;22 PLACE DE L ORME;74910;SEYSSEL;1.069615385;45.9588968;5.8355646;1
213;SEYSSINET;PI;69 AVENUE DE LA REPUBLIQUE;38170;SEYSSINET PARISET;1.5;45.1806919;5.697444;2
258;SEYSSINET LOCAL SYNDICAT;BP;20 AVENUE DE LA HOUILLE BLANCHE;38170;SEYSSINET PARISET;1.5;45.1785681;5.6924921;2
115;ST AGREVE;PDC;8 AVENUE DES CEVENNES;7320;ST AGREVE;1.5;45.0123527;4.3912685;4
368;ST ALBAN EN LEYSSE PDC;BP;200 RUE DES BARILLETTES;73230;ST ALBAN LEYSSE;1.5;45.574975;5.960724;1
397;ST ALBAN LEYSSE PLANCENAY;BP;5 COURS DU PLANCENAY;73232;ST ALBAN LEYSSE;2.192830769;45.580085;5.95786;1
52;ST ANDRE DE CORCY;PDC;5 PLACE DES MILLIERES;1390;ST ANDRE DE CORCY;1.5;45.9273707;4.9562385;3
400;ST BALDOPH;PDC; ROUTE D APREMONT;73190;ST BALDOPH;1.5;45.5321182;5.9559928;1
299;ST CHEF;PDC;1 RUE DE L ABBATIALE;38890;ST CHEF;1.032419231;45.6318827;5.3714776;5
300;ST CLAIR DU RHONE;PI;7 RUE EMILE ROMANET;38370;ST CLAIR DU RHONE;1.5;45.4394485;4.7710461;5
11;ST DIDIER SUR CHALARONNE BPX;BP;23 RUE DU CENTRE;1140;ST DIDIER SUR CHALARONNE;1.884615385;46.177517;4.816079;3
187;ST DONAT SUR L HERBASSE;PDC;5028 AVENUE GEORGE BERT;26260;ST DONAT SUR L HERBASSE;1.5;45.1245424;4.9816688;0
240;ST EGREVE BP;PDC;2 RUE DE LA CONTAMINE;38120;ST EGREVE;1.5;45.2323115;5.6773142;2
230;ST EGREVE CC;BP; RUE DE ROCHEPLEINE;38120;ST EGREVE;1.453653846;45.241515;5.6813778;2
116;ST ETIENNE DE FONTBELLON BPX;PDC;5929 ROUTE D ALES;7200;ST ETIENNE DE FONTBELLON;1.5;44.6012444;4.3866977;4
301;ST ETIENNE DE ST GEOIRS;PDC;5370 PLACE ALEXANDRE GAGNEUX;38590;ST ETIENNE DE ST GEOIRS;1.909569231;45.3397056;5.3441275;5
54;ST ETIENNE DU BOIS;BP;190 RUE CENTRALE;1370;ST ETIENNE DU BOIS;3.531876923;46.2860778;5.292152;3
117;ST FELICIEN;PDC;5390 LE VILLAGE;7410;ST FELICIEN;17.17096154;45.0864599;4.6281176;0
29;ST GENIS POUILLY - TECHNOPARC;BP; RUE NICOLAS APPERT;1630;ST GENIS POUILLY;1.5;46.2359133;6.021498;6
302;ST GEOIRE EN VALDAINE;BP; LE BOURG;38620;ST GEOIRE EN VALDAINE;1.5;45.4599474;5.6205979;2
234;ST GEORGES D ESPERANCHE;BP; RUE MARCHANDE;38790;ST GEORGES D ESPERANCHE;1.5;45.5565125;5.0764576;5
459;ST GINGOLPH BP;BP;42 RUE NATIONALE;74500;ST GINGOLPH;2.425384615;46.393589;6.8009957;6
304;ST HILAIRE DU ROSIER;PDC; LA GARE;38840;ST HILAIRE DU ROSIER;1.5;45.070837;5.2432821;0
306;ST ISMIER;BP;3 PLACE DE L EGLISE;38330;ST ISMIER;1.5;45.248069;5.825873;2
307;ST JEAN DE BOURNAY;BP;9006 RUE HECTOR BERLIOZ;38440;ST JEAN DE BOURNAY;1.5;45.5013371;5.1409815;5
293;ST JEAN DE BOURNAY PDC;PDC; ZAC DES ECHARRIERES;38440;ST JEAN DE BOURNAY;1.5;45.4940025;5.1474982;5
402;ST JEAN DE MAURIENNE;BP; PLACE FODERE;73300;ST JEAN DE MAURIENNE;1.5;45.2780259;6.3426658;7
118;ST JEAN DE MUZOLS BPX;BP;2 PLACE DU MARCHE;7300;ST JEAN DE MUZOLS;1.5;45.0827294;4.81436;0
188;ST JEAN EN ROYANS;Hors MTK; AVENUE DE LA GARE;26190;ST JEAN EN ROYANS;1.5;45.0221212;5.2915979;0
495;ST JEOIRE EN FAUCIGNY;BP;116 RUE DU FAUCIGNY;74490;ST JEOIRE EN FAUCIGNY;4.542307692;46.138147;6.4580939;6
308;ST LAURENT DU PONT;PDC;5001 AVENUE JULES FERRY;38380;ST LAURENT DU PONT;1.5;45.3905804;5.7326909;2
189;ST MARCEL LES VALENCE;BP; AVENUE DE PROVENCE;26320;ST MARCEL LES VALENCE;1.5;44.973068;4.9587987;0
309;ST MARCELLIN;BP;3 BOULEVARD GAMBETTA;38160;ST MARCELLIN;1.5;45.1529357;5.3220615;2
298;ST MARCELLIN BP;PDC;7 PLACES DES CARMES;38160;SAINT MARCELIN;1.5;45.152672;5.320471;2
421;ST MARTIN BELLEVILLE PDC;BP; RUE DE VILLARENCEL;73440;LES BELLEVILLE;1.5;45.3816358;6.503378;7
354;ST MARTIN D HERES;PDC;3 AVENUE DU 8 MAI 1945;38400;ST MARTIN D HERES;1.5;45.1698808;5.7567826;2
353;ST MARTIN D HERES - reste friche Pkext01;BP;3 AVENUE DU 8 MAI 1945;38400;ST MARTIN D HERES;1.5;45.1698808;5.7567826;2
340;ST MARTIN D HERES ILOT FACTEUR;BP;14 RUE DE MAYENCIN;38400;ST MARTIN D HERES;2.376884615;45.1781457;5.7656507;2
310;ST MARTIN HERES CROIX ROUGE;BP;3 PLACE DE LA REPUBLIQUE;38400;ST MARTIN D HERES;1.5;45.1858977;5.74842;2
236;ST MARTIN LE VINOUX BP;BP;49 AVENUE GENERAL LECLERC;38950;ST MARTIN LE VINOUX;2.73765;45.2128089;5.6999054;2
56;ST MAURICE DE BEYNOST;BP;5472 FOLLIETS BAT ARC EN CIEL;1700;ST MAURICE DE BEYNOST;1.5;45.8333;4.97709;5
224;ST MAURICE L EXIL CC;BP;5 Nicéphore Niepce;38550;ST MAURICE L EXIL;1.5;45.4019946;4.7776454;5
404;ST MICHEL DE MAURIENNE;BP;25 AVENUE DE LA REPUBLIQUE;73140;ST MICHEL DE MAURIENNE;2.095265385;45.217413;6.473231;7
93;ST PAUL LE JEUNE;BP;5455 PLACE DE L EGLISE;7460;ST PAUL LE JEUNE;4.374307692;44.3395309;4.1510549;4
203;ST PAUL TROIS CHATEAUX DELOC;PDC;1 PLACE CHAUSY;26130;ST PAUL TROIS CHATEAUX;7.401538462;44.3632079;4.7418518;4
119;ST PERAY BPX;BP;19 RUE DE LA REPUBLIQUE;7130;ST PERAY;1.973076923;44.9459162;4.8449107;0
120;ST PERAY CDIST;PDC;3 ZONE INDUSTRIELLE POLE 2000;7130;ST PERAY;2.537230769;44.9454417;4.8430943;0
312;ST PIERRE DE CHARTREUSE BPX;BP;145 LE BOURG;38380;ST PIERRE DE CHARTREUSE;2.251492308;45.3426671;5.8149165;2
121;ST PRIVAT BPX;BP;5279 PL  PUBLIQUE;7200;ST PRIVAT;2.942076923;44.629135;4.410402;4
190;ST RAMBERT D ALBON;PDC;14 PLACE DU 8 MAI 1945;26140;ST RAMBERT D ALBON;2.719423077;45.292743;4.81563;0
57;ST RAMBERT EN BUGEY;BP; RUE DE LA GRENETTE;1230;ST RAMBERT EN BUGEY;1.149692308;45.9485436;5.4397317;3
191;ST SORLIN EN VALLOIRE;BP; PLACE DE L EGLISE;26210;ST SORLIN EN VALLOIRE;1.5;45.2891367;4.9508846;5
58;ST TRIVIER DE COURTES;PDC; PLACE FERNAND RUDE;1560;ST TRIVIER DE COURTES;1.5;46.4587752;5.0836231;3
155;ST VALLIER;BP;2 PLACE AUGUSTE DELAYE;26240;ST VALLIER;1.5;45.1760696;4.8171456;0
401;STE HELENE SUR ISERE;BP;5097 SAINTE HELENE;73460;STE HELENE SUR ISERE;2.963307692;45.6118374;6.3367759;7
196;SUZE LA ROUSSE BPX;PDC; PLACE DE L EGLISE;26790;SUZE LA ROUSSE;1.5;44.2886337;4.8402315;4
206;TAIN L HERMITAGE;BP;9001 PLACE DU 8 MAI 1945;26600;TAIN L HERMITAGE;1.5;45.0694797;4.8377702;0
502;TALLOIRES;PDC; CHEF LIEU;74290;TALLOIRES MONTMIN;1.5;45.803984;6.2635862;1
440;TANINGES CDIS;BP; RUE DES CORSINS;74440;TANINGES;1.230692308;46.1057888;6.5912356;6
437;TANINGES GRAND PUBLIC;BP;5699 IMPASSE DU VIEUX TANINGES;74440;TANINGES;2.108961538;46.109024;6.5920148;6
197;TAULIGNAN;BP;5219 LE BOURG;26770;TAULIGNAN;7.884615385;44.4435969;4.9809891;0
124;TEIL (LE) HP;PDC;3 RUE VINCENT TOUCHET;7400;LE TEIL;1.5;44.5490329;4.6835598;4
61;TENAY;BP;3 PLACE DU PONT;1230;TENAY;1.5;45.919003;5.509218;3
315;TENCIN;PDC;5037 LOTISSEMENT GRANDE TERRE;38570;TENCIN;1.5;45.3065083;5.9603522;2
62;THOIRY;PDC;342 RUE BRIAND STRESEMANN;1710;THOIRY;1.5;46.2365369;5.9803715;6
63;THOISSEY;PDC;23 RUE DE L EGLISE;1140;THOISSEY;4.261538462;46.1728607;4.8009965;3
503;THONES;BP;7 PLACE DE L HOTEL DE VILLE;74230;THONES;1.5;45.8821071;6.3247985;6
444;THONES CDIS;BP;7 RUE DU MONT CHARVIN;74230;THONES;1.5;45.8756392;6.3221717;6
445;THONON CDIS;BP;11 RUE DE L EUROPE;74200;THONON LES BAINS;1.5;46.3514753;6.4465626;6
528;THONON LES BAINS;PDC;8 PLACE JULES MERCIER;74200;THONON LES BAINS;1.5;46.3698028;6.4784435;6
504;THORENS GLIERES;PDC;16 PLACE DE LA POSTE;74570;FILLIERE;3.306257692;45.9961408;6.2506952;6
125;THUEYTS;BP; PLACE DU CHAMP DE MARS;7330;THUEYTS;1.512538462;44.6756475;4.2213362;4
430;THYEZ;BP;23 RUE DE LA POSTE;74300;THYEZ;37.09933077;46.0773078;6.5340496;6
405;TIGNES PRINCIPAL;PDC; IMMEUBLE LE BEC ROUGE;73320;TIGNES;1.5;45.4815831;6.9361358;7
81;TOURNON QUAI FARCONNET;BP;5 QUAI FARCONNET;7300;TOURNON SUR RHONE;1.062530769;45.0705299;4.828276;0
84;TOURNON SUR RHONE CDIS;PDC;3 CHEMIN DE CHAMPAGNE;7300;TOURNON SUR RHONE;1.5;45.048653;4.8336048;0
73;TREVOUX;PDC;6 BOULEVARD DES COMBATTANTS;1600;TREVOUX;1.5;45.939827;4.781399;3
317;TULLINS;PDC; PLACE JEAN JAURES;38210;TULLINS;1.5;45.2960446;5.4829577;2
303;TULLINS ILOT FACTEUR;BP;91 bis BOULEVARD MICHEL PERRET;38210;TULLINS;1.688461538;45.3083794;5.4925195;2
406;UGINE;PDC; RUE DE L EGLISE;73400;UGINE;1.5;45.7532096;6.420252;7
311;URIAGE;BP;380 AVENUE DES THERMES;38410;ST MARTIN D URIAGE;1.5;45.1407974;5.8283117;2
407;VAL D'ISERE;BP;5066 VAL VILLAGE;73150;VAL D ISERE;1.002530769;45.4482824;6.9802445;7
8;VAL REVERMONT GAB;BP; PLACE DU CHAMP DE FOIRE;1370;VAL REVERMONT;1.5;46.2711123;5.3672928;3
198;VALENCE CHAMPIONNET;PI;5 PLACE JEAN ETIENNE CHAMPIONNET;26000;VALENCE;1.5;44.9234681;4.9072381;0
200;VALENCE DSEM;BP;136 CHEMIN DES HUGUENOTS;26000;VALENCE;1.5;44.9201945;4.9288932;0
147;VALENCE EUROPE BP;BP;4 RUE GEORGES BIZET;26000;VALENCE;5.189753846;44.9292379;4.9225938;0
204;VALENCE HERRIOT;PI;9001 ALLEE BERNARD GANGLOFF;26000;VALENCE;1.5;44.936563;4.8938125;0
193;VALENCE LE PLAN DELOC;BP;3 RUE ALBERT EINSTEIN;26000;VALENCE;1.5;44.9404904;4.9250214;0
201;VALENCE PPDC MF;PI;95 ROUTE DE MONTELIER;26000;VALENCE;1.068923077;44.9371879;4.9217854;0
199;VALENCE ROSSINI;BP;1 RUE GIOACCHINO ROSSINI;26000;VALENCE;1.5;44.9311573;4.925812;0
137;VALENCE VICTOR HUGO;PDC;253 AVENUE VICTOR HUGO;26000;VALENCE;1.5;44.9192625;4.8858958;0
126;VALGORGE BPX;BP;5069 LE VILLAGE;7110;VALGORGE;1.5;44.5872177;4.1284056;4
436;VALLEIRY LES CITADIES;PDC;84 RUE DE LA GARE;74520;VALLEIRY;1.5;46.108615;5.9677111;1
408;VALLOIRE;BP; ROUTE NATIONALE;73450;VALLOIRE;1.5;45.1380943;6.4531126;7
127;VALLON PONT D'ARC;BP;6 PLACE DE L ANCIENNE GARE;7150;VALLON PONT D ARC;1.936103846;44.4057693;4.392025;4
90;VALS LES BAINS BP;BP;75 RUE JEAN JAURES;7600;VALS LES BAINS;1.5;44.6617335;4.3670653;4
128;VANS (LES);BP; LA ROUCHEYROLLE;7140;LES VANS;2.563076923;44.4065946;4.1279722;4
318;VARCES ALLIERES RISSET;BP;30 AVENUE JOLIOT CURIE;38760;VARCES ALLIERES ET RISSET;1.5;45.0880809;5.6832553;2
347;VARCES PDC;PDC;6 RUE DES PLANTEES;38760;VARCES ALLIERES ET RISSET;1.5;45.090645;5.6845124;2
466;VEIGY FONCENEX;BP; CHEMIN BLOSSONNIER;74140;VEIGY FONCENEX;1.5;46.2691612;6.2663881;6
129;VERNOUX EN VIVARAIS;PDC;4 RUE RAYMOND FINIELS;7240;VERNOUX EN VIVARAIS;1.5;44.8963819;4.6465899;0
432;VEYRIER DU LAC GA;PDC;31 ROUTE DE LA TOURNETTE;74290;VEYRIER DU LAC;1.5;45.884799;6.176179;1
344;VEZERONCE CURTIN PDC;PDC;1010 ROUTE DES DOUANES;38510;VEZERONCE CURTIN;1.5;45.6536077;5.4583964;5
414;VICTORIA BANCAIRE;BP;1 AVENUE VICTORIA;73100;AIX LES BAINS;2.026923077;45.689963;5.913001;1
211;VIENNE CDIS;BP; CHEMIN DE SAINT ALBAN;38200;VIENNE;1.5;45.5006888;4.8548068;5
214;VIENNE ESTRESSIN;BP;21 AVENUE MARCELLIN BERTHELOT;38200;VIENNE;1.5;45.5371776;4.8735758;5
321;VIENNE PRINCIPAL;BP;36 COURS BRILLIER;38200;VIENNE;1.5;45.5214395;4.8731151;5
322;VIF;BP;2 RUE DE LA REPUBLIQUE;38450;VIF;1.865384615;45.056364;5.6699194;2
323;VILLARD DE LANS;PDC; PLACE PIERRE CHABERT;38250;VILLARD DE LANS;1.5;45.0710518;5.5521645;2
207;VILLARD DE LANS PDC1;PDC; RUE DU FERVEILLEY;38250;VILLARD DE LANS;1.5;45.0874494;5.5605342;2
12;VILLARS LES DOMBES CC;BP; LIEU DIT LA TUILERIE;1330;VILLARS LES DOMBES;29.26057692;46.0000471;5.0425155;3
516;VILLE EN SALLAZ;BP;34 ALLEE DE L ATRIUM;74250;VILLE EN SALLAZ;1.5;46.1408981;6.4029063;6
507;VILLE LA GRAND;BP;1 IMPASSE DU MOLE;74100;VILLE LA GRAND;0.0;46.2025862;6.2499966;6
324;VILLEFONTAINE;BP;9001 PLACE CHARLES DE GAULLE;38090;VILLEFONTAINE;4.257692308;45.6099148;5.1571963;5
83;VILLENEUVE DE BERG;BP;51 RUE NATIONALE;7170;VILLENEUVE DE BERG;1.5;44.5572039;4.5014652;4
325;VILLETTE D ANTHON;PDC;98 AVENUE DES CEDRES;38280;VILLETTE D ANTHON;1.084615385;45.7904451;5.1350993;5
326;VILLETTE DE VIENNE;PDC;5020 ROUTE DE MARENNES;38200;VILLETTE DE VIENNE;0.0;45.6032969;4.9214051;5
327;VINAY;BP;13 RUE MALLEVAL;38470;VINAY;1.5;45.2093774;5.4029542;2
64;VIRIEU LE GRAND;BP;5046 CHEMIN DU PLAN DE MAI;1510;VIRIEU LE GRAND;1.5;45.8474445;5.6408976;1
508;VIRY;BP;55 RUE DES MARRONNIERS;74580;VIRY;1.5;46.1150937;6.0275933;1
515;VIRY COURRIER;BP;124 ROUTE DES GRANDS CHAMPS SUD;74580;VIRY;1.283576923;46.1265539;6.0295569;1
409;VIVIERS DU LAC;BP;200 CHEMIN DE L ALLIU;73420;VIVIERS DU LAC;1.5;45.6493;5.907252;1
328;VIZILLE;BP;195 RUE CESAR FERRAFIAT;38220;VIZILLE;1.5;45.0789369;5.7686984;2
215;VIZILLE GARAGE;PDC;281 RUE CESAR FERRAFIAT;38220;VIZILLE;1.5;45.0789369;5.7686984;2
131;VOGUE GAB;PI;10 IMPASSE DE LA CARIO;7200;VOGUE;2.336876923;44.540512;4.4103108;4
329;VOIRON;BP;2 AVENUE JULES RAVAT;38500;VOIRON;1.138846154;45.367883;5.589588;2
345;VOIRON ACCUEIL ENTREPRISES;BP;1020 ROUTE DE GRENOBLE;38500;COUBLEVIE;5.849342308;45.3577518;5.601188;2
65;VONNAS;BP;50 RUE CLAUDE MOREL;1540;VONNAS;1.5;46.219392;4.991498;3
331;VOREPPE;BP; PLACE ARMAND PUGNOT;38340;VOREPPE;6.084796154;45.2962292;5.6367876;2
130;VOULTE SUR RHONE (LA);BP;9002 AVENUE LOUIS ANTERIOU;7800;LA VOULTE SUR RHONE;1.5;44.8037961;4.7825122;0
410;YENNE;BP; CHEMIN DE RONDE;73170;YENNE;1.5;45.703426;5.7566509;1
510;YVOIRE GAB;BP;5 PLACE DE MAIRIE;74140;YVOIRE;1.226923077;46.3695941;6.3273411;6
